{
    "Player": {
        "Head Translation": [
            0.0,
            1.7999999523162842,
            0.0
        ],
        "L_Arm Translation": [
            -0.5,
            1.7999999523162842,
            0.0
        ],
        "R_Arm Translation": [
            0.5,
            1.7999999523162842,
            0.0
        ],
        "Test": 60,
        "floatingAmplitude": 0.30000001192092896,
        "floatingCycle": 120
    }
}
